post_id,641b13763a63f32bb9d71460,642e7e7077cb657d494bb584
6437b1cb4f8a110a39fce506,1,0
643918466e3f5b0c72edeeab,0,0
643918586e3f5b0c72edeeac,0,0
643918656e3f5b0c72edeead,1,0
643918706e3f5b0c72edeeae,1,1
643d479e9ee69c52a4cf63ee,0,0
6441629ff8029064afab780e,0,0
644162abf8029064afab780f,0,0
644162b5f8029064afab7810,0,0
644162c0f8029064afab7811,0,0
644162ccf8029064afab7812,0,0
6441632113792129775e052f,0,0
6441632c13792129775e0530,0,0
6441633713792129775e0531,0,0
6441634213792129775e0532,0,0
6441635113792129775e0533,0,0
6441635b13792129775e0534,0,0
6441636613792129775e0535,0,0
6441637413792129775e0536,0,0
6441637d13792129775e0537,0,0
64746d2984284675fa70433f,0,0
64746db384284675fa704340,0,0
